{
  "method": "daniilidis",
  "translation": {
    "x": -0.03221371005359564,
    "y": -0.07860458209779406,
    "z": 0.014148000109245903
  },
  "rotation_quaternion": {
    "x": 0.0019677507243510877,
    "y": -0.0003748064764567977,
    "z": 0.008933483750899508,
    "w": 0.9999580892943786
  },
  "rotation_euler_deg": {
    "rx": 0.22509513119571545,
    "ry": -0.04496225305312318,
    "rz": 1.0236291807701525
  },
  "matrix_4x4": [
    [
      0.9998401047763553,
      -0.01786769373601478,
      -0.0007144237978621735,
      -0.03221371005359564
    ],
    [
      0.017864743633152623,
      0.9998326416503185,
      -0.003942033164193803,
      -0.07860458209779406
    ],
    [
      0.0007847392743494182,
      0.003928639853925169,
      0.9999919749543841,
      0.014148000109245903
    ],
    [
      0.0,
      0.0,
      0.0,
      1.0
    ]
  ],
  "camera_frame": "camera_color_optical_frame",
  "tool_frame": "tool0",
  "convention": "tool0_T_camera  (camera pose expressed in tool0 frame)"
}