{
  "method": "horaud",
  "translation": {
    "x": -0.03226122919565572,
    "y": -0.07859668831676873,
    "z": 0.014343717529445833
  },
  "rotation_quaternion": {
    "x": 0.002007703006140505,
    "y": -0.0003037669565278927,
    "z": 0.008723628979800049,
    "w": 0.9999598867713135
  },
  "rotation_euler_deg": {
    "rx": 0.22975359008181898,
    "ry": -0.0368147441889147,
    "rz": 0.9995951729069344
  },
  "matrix_4x4": [
    [
      0.9998476120461178,
      -0.017447777841415185,
      -0.0005724806306545982,
      -0.03226122919565572
    ],
    [
      0.017445338346088038,
      0.9998397348521239,
      -0.004020544841831515,
      -0.07859668831676873
    ],
    [
      0.0006425384551633942,
      0.004009945040931226,
      0.9999917537085505,
      0.014343717529445833
    ],
    [
      0.0,
      0.0,
      0.0,
      1.0
    ]
  ],
  "camera_frame": "camera_color_optical_frame",
  "tool_frame": "tool0",
  "convention": "tool0_T_camera  (camera pose expressed in tool0 frame)"
}