{
  "method": "park",
  "translation": {
    "x": -0.03226044090380999,
    "y": -0.07860111994407586,
    "z": 0.014352628054623295
  },
  "rotation_quaternion": {
    "x": 0.0019879745882586944,
    "y": -0.0002678344392651355,
    "z": 0.00875190817073717,
    "w": 0.999959689350086
  },
  "rotation_euler_deg": {
    "rx": 0.22752794966220793,
    "ry": -0.03268405991247783,
    "rz": 1.0028447267981393
  },
  "matrix_4x4": [
    [
      0.9998466647361682,
      -0.017504175647379612,
      -0.0005008501432852145,
      -0.03226044090380999
    ],
    [
      0.01750204585514368,
      0.9998389041208159,
      -0.003980477028256679,
      -0.07860111994407586
    ],
    [
      0.0005704444274540633,
      0.00397110077858744,
      0.9999919524434994,
      0.014352628054623295
    ],
    [
      0.0,
      0.0,
      0.0,
      1.0
    ]
  ],
  "camera_frame": "camera_color_optical_frame",
  "tool_frame": "tool0",
  "convention": "tool0_T_camera  (camera pose expressed in tool0 frame)"
}