{
  "method": "andreff",
  "translation": {
    "x": -0.03218866486091573,
    "y": -0.07758989305102694,
    "z": 0.0180745526838077
  },
  "rotation_quaternion": {
    "x": 0.0019716132696414195,
    "y": -0.0003332429662716137,
    "z": 0.008854901729710037,
    "w": 0.9999587953538873
  },
  "rotation_euler_deg": {
    "rx": 0.22558342664528028,
    "ry": -0.04018585091794454,
    "rz": 1.014633174158743
  },
  "matrix_4x4": [
    [
      0.9998429593289649,
      -0.017710387785744477,
      -0.0006315415867229625,
      -0.03218866486091573
    ],
    [
      0.01770775968072713,
      0.9998354069129444,
      -0.003948965727465483,
      -0.07758989305102694
    ],
    [
      0.0007013753537295132,
      0.0039371623925920085,
      0.9999920033804808,
      0.0180745526838077
    ],
    [
      0.0,
      0.0,
      0.0,
      1.0
    ]
  ],
  "camera_frame": "camera_color_optical_frame",
  "tool_frame": "tool0",
  "convention": "tool0_T_camera  (camera pose expressed in tool0 frame)"
}