{
  "method": "tsai",
  "translation": {
    "x": -0.032261591845016244,
    "y": -0.07859665146269253,
    "z": 0.01434365594521269
  },
  "rotation_quaternion": {
    "x": 0.0020076561649020044,
    "y": -0.0003034698839249934,
    "z": 0.008721886972406305,
    "w": 0.9999599021512782
  },
  "rotation_euler_deg": {
    "rx": 0.22974858364315442,
    "ry": -0.03678025647741107,
    "rz": 0.9993956161276508
  },
  "matrix_4x4": [
    [
      0.9998476731873402,
      -0.017444293013370474,
      -0.0005718943305715323,
      -0.032261591845016244
    ],
    [
      0.01744185596063718,
      0.9998397960087282,
      -0.004020444984471882,
      -0.07859665146269253
    ],
    [
      0.0006419365311704522,
      0.00400985766436339,
      0.9999917544455061,
      0.01434365594521269
    ],
    [
      0.0,
      0.0,
      0.0,
      1.0
    ]
  ],
  "camera_frame": "camera_color_optical_frame",
  "tool_frame": "tool0",
  "convention": "tool0_T_camera  (camera pose expressed in tool0 frame)"
}